Country,Year,Documents,Times Cited,Documents in Top 1%,Documents in Top 10%,CNCI,Collab-CNCI,% Docs Cited,% Documents in Top 1%,% Documents in Top 10%,Rank,Benchmark Status
AUSTRALIA,2003,73479,3965411,1952,7645,1.39,1.33,96.88,1.76,13.41,1,Above Average (>= 1.0)
AUSTRALIA,2004,34122,4026396,561,2594,1.47,1.34,97.88,2.02,11.29,1,Above Average (>= 1.0)
AUSTRALIA,2005,76888,4458568,1177,8504,1.15,1.34,97.31,1.83,16.21,7,Above Average (>= 1.0)
AUSTRALIA,2006,69315,5190781,1369,6318,1.24,1.2,96.39,1.47,19.8,12,Above Average (>= 1.0)
AUSTRALIA,2007,11637,1443993,715,764,1.36,1.35,98.12,1.68,14.6,24,Above Average (>= 1.0)
AUSTRALIA,2008,124250,9851009,1875,7333,1.37,1.1,96.71,2.48,20.33,5,Above Average (>= 1.0)
AUSTRALIA,2009,22569,767346,87,2861,1.4,1.08,99.72,2.82,21.41,21,Above Average (>= 1.0)
AUSTRALIA,2010,39018,2236904,579,4933,1.25,1.24,96.43,2.31,16.38,27,Above Average (>= 1.0)
AUSTRALIA,2011,8580,909480,209,186,1.69,1.21,95.52,1.61,10.72,19,Above Average (>= 1.0)
AUSTRALIA,2012,64809,4733799,1536,7240,1.16,1.32,97.47,1.8,20.84,8,Above Average (>= 1.0)
AUSTRALIA,2015,41519,3746683,502,5090,1.22,1.21,98.81,1.78,19.18,22,Above Average (>= 1.0)
AUSTRALIA,2016,97265,8114996,1862,8923,1.13,1.28,97.99,1.72,16.5,2,Above Average (>= 1.0)
AUSTRALIA,2018,22823,1093091,770,3943,1.2,1.22,99.16,1.66,16.48,46,Above Average (>= 1.0)
AUSTRALIA,2020,56223,5862077,858,4513,1.6,0.99,96.23,1.57,16.68,15,Above Average (>= 1.0)
AUSTRALIA,2021,73186,6674366,1637,6422,1.31,1.19,97.98,1.73,15.46,14,Above Average (>= 1.0)
AUSTRALIA,2022,67310,4982686,728,5199,1.27,1.35,97.78,1.76,21.66,5,Above Average (>= 1.0)
AUSTRALIA,2023,1184,100640,220,401,0.91,1.31,99.31,2.86,17.34,36,Below Average (< 1.0)
AUSTRALIA,2024,51246,3296250,968,4865,1.36,1.39,97.98,1.69,19.46,17,Above Average (>= 1.0)
AUSTRALIA,2025,19731,868164,264,2623,1.0,0.84,99.51,1.61,22.23,2,Above Average (>= 1.0)
BRAZIL,2004,27337,2360016,1004,3940,1.16,1.23,97.02,1.13,18.03,9,Above Average (>= 1.0)
BRAZIL,2005,76379,7476493,758,2292,1.28,1.28,96.89,1.83,18.66,12,Above Average (>= 1.0)
BRAZIL,2006,25222,1059324,195,1523,1.54,1.02,95.59,1.12,23.49,30,Above Average (>= 1.0)
BRAZIL,2007,33470,3163974,760,4866,1.32,1.24,97.94,1.67,17.9,18,Above Average (>= 1.0)
BRAZIL,2008,30071,2302456,1028,7297,1.4,1.25,97.64,2.24,15.97,7,Above Average (>= 1.0)
BRAZIL,2009,51225,2145630,1038,4432,1.28,1.34,96.86,2.19,19.69,11,Above Average (>= 1.0)
BRAZIL,2010,29650,3351778,493,1366,1.32,1.33,96.24,2.64,14.92,4,Above Average (>= 1.0)
BRAZIL,2011,99292,10326484,995,6875,1.27,1.28,97.32,1.43,20.56,1,Above Average (>= 1.0)
BRAZIL,2012,119368,10180105,1466,10972,1.32,1.16,98.01,2.1,15.53,5,Above Average (>= 1.0)
BRAZIL,2013,8494,1163678,304,1736,1.19,0.98,98.44,2.93,24.44,24,Above Average (>= 1.0)
BRAZIL,2014,22013,1380622,563,4217,1.2,1.19,97.0,2.52,19.06,1,Above Average (>= 1.0)
BRAZIL,2015,35819,766195,622,3479,1.01,1.22,96.59,2.48,17.21,18,Above Average (>= 1.0)
BRAZIL,2016,11503,448617,383,2803,1.46,0.86,98.08,1.64,19.41,47,Above Average (>= 1.0)
BRAZIL,2017,60786,6150536,861,3950,1.2,1.17,96.95,2.29,18.35,4,Above Average (>= 1.0)
BRAZIL,2018,86514,8145759,890,8945,1.3,1.2,97.97,1.59,15.94,25,Above Average (>= 1.0)
BRAZIL,2019,96002,4479479,2044,13594,1.16,1.28,97.0,2.36,17.22,2,Above Average (>= 1.0)
BRAZIL,2020,108043,9196259,2018,12995,1.25,1.39,97.67,1.86,19.11,2,Above Average (>= 1.0)
BRAZIL,2021,66563,7402562,853,6445,1.34,0.99,97.48,1.81,17.25,3,Above Average (>= 1.0)
BRAZIL,2023,27014,3911334,810,2957,1.27,1.36,98.01,1.24,17.87,21,Above Average (>= 1.0)
BRAZIL,2024,37807,4214145,907,2699,1.44,1.34,96.59,2.09,11.73,18,Above Average (>= 1.0)
BRAZIL,2025,34221,2750341,437,4523,1.12,1.3,96.42,0.94,16.63,13,Above Average (>= 1.0)
CANADA,2003,68007,6943310,1070,5913,1.49,1.08,96.46,1.76,18.19,19,Above Average (>= 1.0)
CANADA,2004,104813,9776972,902,5678,1.11,1.23,98.73,1.94,17.52,7,Above Average (>= 1.0)
CANADA,2005,29760,2592759,475,3615,1.08,1.23,97.32,1.68,17.67,37,Above Average (>= 1.0)
CANADA,2006,108685,10479249,1517,10326,1.45,1.29,97.78,1.57,20.55,3,Above Average (>= 1.0)
CANADA,2007,20819,2631605,572,2603,1.24,1.46,99.24,2.48,17.95,18,Above Average (>= 1.0)
CANADA,2008,68777,5915384,1339,5458,1.2,1.33,98.18,1.3,18.16,1,Above Average (>= 1.0)
CANADA,2009,31800,1847160,478,5345,1.55,0.94,97.26,1.18,17.67,26,Above Average (>= 1.0)
CANADA,2010,7449,513981,490,1458,0.97,1.27,97.72,2.32,18.21,30,Below Average (< 1.0)
CANADA,2011,59636,6595133,1052,3912,1.48,1.39,97.87,2.06,14.5,30,Above Average (>= 1.0)
CANADA,2013,28641,1890306,338,1685,1.0,1.25,98.98,0.55,20.34,43,Above Average (>= 1.0)
CANADA,2014,27603,1748036,892,3043,1.44,1.08,97.63,0.88,20.38,3,Above Average (>= 1.0)
CANADA,2015,93023,6488382,692,5852,1.38,1.04,95.81,2.25,14.2,5,Above Average (>= 1.0)
CANADA,2016,35579,1274232,660,5681,1.32,1.09,97.52,2.04,21.31,36,Above Average (>= 1.0)
CANADA,2017,75948,5720622,1502,10969,1.25,1.16,98.02,1.78,19.75,4,Above Average (>= 1.0)
CANADA,2018,4014,104364,75,1760,1.09,1.07,96.03,0.82,20.73,17,Above Average (>= 1.0)
CANADA,2019,25011,2827828,939,5041,1.27,1.13,96.45,1.63,18.77,13,Above Average (>= 1.0)
CANADA,2020,40369,4945832,781,5472,1.49,1.2,97.31,1.57,17.26,26,Above Average (>= 1.0)
CANADA,2021,6040,767080,31,1573,1.37,0.84,99.05,1.38,22.0,11,Above Average (>= 1.0)
CANADA,2022,24651,2718099,815,8019,1.2,1.03,97.85,1.23,20.63,8,Above Average (>= 1.0)
CANADA,2023,44001,5002538,935,3183,1.49,1.14,97.5,1.68,19.63,25,Above Average (>= 1.0)
CANADA,2024,51639,2517096,622,3217,0.94,1.28,98.79,2.05,20.52,3,Below Average (< 1.0)
CANADA,2025,19815,1325519,617,5893,1.39,1.21,97.7,1.31,22.61,2,Above Average (>= 1.0)
CHINA,2003,25164,3001980,818,1153,1.11,0.88,95.64,2.26,21.37,22,Above Average (>= 1.0)
CHINA,2004,67628,5310401,1249,3945,1.29,1.18,96.95,1.73,18.38,6,Above Average (>= 1.0)
CHINA,2005,36386,3721047,529,3110,1.39,1.21,97.38,1.84,18.3,9,Above Average (>= 1.0)
CHINA,2006,16846,1010760,415,1257,0.97,0.87,97.24,1.88,19.62,44,Below Average (< 1.0)
CHINA,2007,148329,13036892,2808,11220,1.27,1.15,97.35,1.53,16.22,7,Above Average (>= 1.0)
CHINA,2008,28677,2428017,361,3658,0.97,1.06,97.63,1.75,23.72,10,Below Average (< 1.0)
CHINA,2009,42772,2849415,684,2722,1.47,1.39,95.95,2.25,15.76,4,Above Average (>= 1.0)
CHINA,2010,41344,4213451,504,1682,1.25,1.43,97.26,1.2,23.9,20,Above Average (>= 1.0)
CHINA,2011,46022,5671586,627,1119,1.27,1.29,97.27,1.65,17.9,14,Above Average (>= 1.0)
CHINA,2012,21374,1987782,148,2606,0.94,1.12,95.25,2.3,16.67,17,Below Average (< 1.0)
CHINA,2013,20658,2520066,859,2259,1.55,0.92,96.06,0.84,11.08,42,Above Average (>= 1.0)
CHINA,2014,69249,7388964,807,4986,1.29,1.34,96.61,1.97,17.85,24,Above Average (>= 1.0)
CHINA,2015,20522,2807748,387,986,1.23,0.92,97.53,0.72,17.1,11,Above Average (>= 1.0)
CHINA,2017,30185,2883010,1614,7445,1.23,1.17,97.24,1.48,15.49,9,Above Average (>= 1.0)
CHINA,2018,36242,2409310,260,882,1.36,1.14,98.16,2.46,21.76,15,Above Average (>= 1.0)
CHINA,2019,47126,2661047,1578,6534,1.44,1.32,97.07,2.31,19.37,18,Above Average (>= 1.0)
CHINA,2020,85439,7111061,1499,7263,1.15,1.31,97.73,1.28,16.61,7,Above Average (>= 1.0)
CHINA,2021,56368,5961464,961,4279,1.28,1.09,97.77,1.46,16.68,12,Above Average (>= 1.0)
CHINA,2022,40387,2990303,558,1524,1.08,1.38,98.22,2.6,16.92,6,Above Average (>= 1.0)
CHINA,2023,9524,971448,347,789,1.7,1.45,95.06,1.2,20.02,8,Above Average (>= 1.0)
CHINA,2024,36207,3289973,471,1680,1.2,1.28,95.82,2.16,23.67,45,Above Average (>= 1.0)
CHINA,2025,16475,1517035,814,1378,1.05,1.1,96.34,2.49,22.54,8,Above Average (>= 1.0)
FRANCE,2003,78156,6336700,864,1732,1.08,1.27,96.89,1.84,19.45,13,Above Average (>= 1.0)
FRANCE,2004,18398,1067084,338,578,1.07,1.38,97.54,1.21,16.0,10,Above Average (>= 1.0)
FRANCE,2005,46294,3956453,1370,8231,1.61,1.04,97.4,1.63,16.77,14,Above Average (>= 1.0)
FRANCE,2006,72233,6607164,1481,10285,1.19,1.14,98.5,1.72,18.13,8,Above Average (>= 1.0)
FRANCE,2007,56355,3795181,1326,6477,1.3,1.3,98.01,1.05,20.24,15,Above Average (>= 1.0)
FRANCE,2008,71974,5343131,1143,5760,1.23,1.32,97.77,2.07,14.53,5,Above Average (>= 1.0)
FRANCE,2010,7870,668950,392,541,1.15,1.3,96.76,0.99,20.18,30,Above Average (>= 1.0)
FRANCE,2011,30010,2203699,1582,4745,1.23,1.42,97.66,1.7,14.18,12,Above Average (>= 1.0)
FRANCE,2012,15740,2014720,113,1642,1.1,1.36,98.32,2.68,12.53,8,Above Average (>= 1.0)
FRANCE,2013,27079,3303638,130,2653,1.63,1.07,99.63,1.96,16.94,1,Above Average (>= 1.0)
FRANCE,2014,67250,5993720,293,3232,1.36,1.14,97.21,1.36,14.38,1,Above Average (>= 1.0)
FRANCE,2015,51874,2801279,476,1939,1.1,1.28,97.5,2.38,13.93,13,Above Average (>= 1.0)
FRANCE,2016,98020,8139502,885,6097,1.46,1.24,97.35,1.72,17.74,28,Above Average (>= 1.0)
FRANCE,2017,37424,3782864,502,4380,1.16,1.4,95.41,1.58,15.56,1,Above Average (>= 1.0)
FRANCE,2018,14098,310156,80,975,1.11,0.99,99.75,1.28,22.55,24,Above Average (>= 1.0)
FRANCE,2019,44009,3504228,538,3633,1.6,1.5,97.58,2.38,16.97,2,Above Average (>= 1.0)
FRANCE,2021,25107,2320692,417,1907,1.57,1.1,98.78,1.42,18.12,1,Above Average (>= 1.0)
FRANCE,2022,52676,5734662,490,6688,1.24,0.99,96.88,1.43,18.35,10,Above Average (>= 1.0)
FRANCE,2023,62252,6869294,1253,7959,1.31,1.33,97.57,1.83,19.23,3,Above Average (>= 1.0)
FRANCE,2024,32562,3868260,620,2281,1.08,1.18,99.38,1.6,15.74,3,Above Average (>= 1.0)
FRANCE,2025,35819,2615938,657,3817,0.91,1.48,96.8,1.02,18.51,15,Below Average (< 1.0)
GERMANY,2003,65537,5489667,850,3844,1.38,1.23,96.97,1.94,21.29,31,Above Average (>= 1.0)
GERMANY,2004,1569,54915,88,697,1.36,0.85,96.82,2.7,24.13,29,Above Average (>= 1.0)
GERMANY,2005,14830,697010,379,1022,1.33,1.01,99.86,2.96,24.08,18,Above Average (>= 1.0)
GERMANY,2006,33170,3475578,458,1329,1.27,1.44,97.03,2.01,17.92,26,Above Average (>= 1.0)
GERMANY,2007,69433,6177117,1465,5878,1.1,1.27,98.71,1.73,17.48,9,Above Average (>= 1.0)
GERMANY,2008,8565,513900,309,761,1.47,0.82,96.27,1.04,10.6,42,Above Average (>= 1.0)
GERMANY,2010,20804,1315600,608,3007,1.21,1.22,97.43,1.55,19.46,20,Above Average (>= 1.0)
GERMANY,2011,53658,5750022,844,5071,1.4,1.2,98.34,1.92,19.76,11,Above Average (>= 1.0)
GERMANY,2012,25395,3072795,470,2855,1.04,0.81,99.47,0.52,22.08,18,Above Average (>= 1.0)
GERMANY,2013,40047,4324213,531,3026,1.19,1.42,98.4,2.1,14.25,36,Above Average (>= 1.0)
GERMANY,2014,50150,5366880,902,6163,1.27,1.34,98.41,1.69,20.18,10,Above Average (>= 1.0)
GERMANY,2015,85466,8309538,1076,2912,1.33,1.16,98.1,1.85,13.7,13,Above Average (>= 1.0)
GERMANY,2016,6858,329184,293,998,1.09,1.06,98.28,1.11,14.59,17,Above Average (>= 1.0)
GERMANY,2017,37221,2852858,194,4312,1.31,0.94,97.16,1.1,18.96,4,Above Average (>= 1.0)
GERMANY,2018,15098,1074228,444,4141,1.28,1.19,95.75,2.58,14.25,7,Above Average (>= 1.0)
GERMANY,2019,53524,4647847,730,5408,1.49,1.25,97.01,2.16,17.57,9,Above Average (>= 1.0)
GERMANY,2020,34432,4177728,562,1890,1.27,1.41,99.14,1.89,17.11,15,Above Average (>= 1.0)
GERMANY,2021,30657,2908873,802,4164,1.29,1.05,98.19,2.19,17.18,19,Above Average (>= 1.0)
GERMANY,2022,19481,1394469,109,3897,1.48,1.38,97.94,1.78,16.03,14,Above Average (>= 1.0)
GERMANY,2023,14018,1626088,13,2879,1.48,1.47,99.25,2.36,16.38,49,Above Average (>= 1.0)
GERMANY,2024,30944,2899320,486,1023,1.1,1.33,98.06,2.08,19.95,28,Above Average (>= 1.0)
GERMANY,2025,79103,7506617,1085,6878,1.32,1.27,97.78,0.94,14.31,23,Above Average (>= 1.0)
INDIA,2003,45166,3369459,189,3030,1.16,1.23,98.68,2.22,22.46,10,Above Average (>= 1.0)
INDIA,2004,44837,4285426,278,4078,1.37,1.44,97.46,2.21,20.13,5,Above Average (>= 1.0)
INDIA,2006,13648,1433940,610,1673,1.5,1.23,97.78,1.82,16.94,25,Above Average (>= 1.0)
INDIA,2007,44838,5228118,566,3956,1.22,1.53,97.37,1.68,18.0,12,Above Average (>= 1.0)
INDIA,2008,65843,7479002,710,3176,1.17,1.26,98.22,1.71,19.19,4,Above Average (>= 1.0)
INDIA,2009,64558,4325314,1679,4964,1.39,1.48,98.8,1.66,15.66,5,Above Average (>= 1.0)
INDIA,2010,58594,6161281,1361,8458,1.4,1.3,97.88,1.54,13.87,3,Above Average (>= 1.0)
INDIA,2012,53599,3952206,1122,2741,1.16,1.18,96.41,0.97,14.87,5,Above Average (>= 1.0)
INDIA,2013,38255,3697248,1120,2265,1.24,1.19,97.99,1.73,14.74,5,Above Average (>= 1.0)
INDIA,2014,16228,1703940,195,306,0.92,1.49,95.54,2.32,23.11,49,Below Average (< 1.0)
INDIA,2015,9401,733278,53,118,1.64,1.33,96.63,2.61,13.36,18,Above Average (>= 1.0)
INDIA,2016,74795,6374852,880,8982,1.2,1.39,96.19,1.78,15.84,4,Above Average (>= 1.0)
INDIA,2017,44457,4463254,320,2004,1.32,1.16,99.15,1.58,15.91,18,Above Average (>= 1.0)
INDIA,2018,19668,2596176,389,1526,1.51,1.26,96.64,1.58,17.26,39,Above Average (>= 1.0)
INDIA,2019,43548,5384699,762,3520,1.2,1.48,98.84,1.47,19.86,4,Above Average (>= 1.0)
INDIA,2020,62083,5524062,1344,7284,1.27,1.32,96.14,1.54,16.39,13,Above Average (>= 1.0)
INDIA,2021,13997,1141316,474,3841,1.29,1.18,98.44,1.2,21.1,2,Above Average (>= 1.0)
INDIA,2022,7557,423192,447,2082,0.97,1.6,97.42,1.51,13.31,41,Below Average (< 1.0)
INDIA,2023,47342,4792688,681,5903,1.42,1.23,97.56,1.94,19.68,1,Above Average (>= 1.0)
INDIA,2024,27892,2127334,527,4574,1.1,1.2,97.8,2.86,11.02,3,Above Average (>= 1.0)
INDIA,2025,52874,4288676,866,4204,1.44,1.29,97.13,1.15,22.86,6,Above Average (>= 1.0)
ITALY,2003,10695,1176450,275,414,1.05,1.13,96.18,2.8,11.53,1,Above Average (>= 1.0)
ITALY,2004,149432,14448628,1809,7626,1.26,1.25,98.26,1.77,17.07,2,Above Average (>= 1.0)
ITALY,2005,20076,1284864,295,1684,1.47,1.1,99.74,2.89,16.41,3,Above Average (>= 1.0)
ITALY,2006,34083,3002674,951,6741,1.38,1.14,96.78,1.39,14.22,6,Above Average (>= 1.0)
ITALY,2007,52487,5521070,861,3091,1.27,1.21,97.4,1.92,22.32,1,Above Average (>= 1.0)
ITALY,2008,54719,5240375,772,4282,1.31,1.23,98.38,1.84,20.65,9,Above Average (>= 1.0)
ITALY,2009,17614,1338664,120,175,1.45,0.95,96.81,1.47,15.19,49,Above Average (>= 1.0)
ITALY,2010,73651,4983788,814,4299,1.1,1.13,97.37,1.88,15.62,12,Above Average (>= 1.0)
ITALY,2011,102937,8574152,2229,6278,1.27,1.15,97.24,1.1,17.86,15,Above Average (>= 1.0)
ITALY,2012,47777,5630877,1150,4347,1.54,1.09,99.19,1.59,17.94,12,Above Average (>= 1.0)
ITALY,2013,34921,5008959,267,3797,1.14,1.49,98.2,1.78,21.02,18,Above Average (>= 1.0)
ITALY,2014,11174,1642578,344,831,1.28,0.96,95.21,0.95,21.15,32,Above Average (>= 1.0)
ITALY,2015,14468,1938712,141,2997,1.03,1.19,97.94,1.45,19.26,39,Above Average (>= 1.0)
ITALY,2016,34429,3137610,187,2272,1.41,1.01,96.31,1.74,15.52,31,Above Average (>= 1.0)
ITALY,2017,10973,559623,295,1004,1.12,1.39,95.49,2.54,15.67,3,Above Average (>= 1.0)
ITALY,2018,20069,2849798,163,2049,1.63,1.34,99.74,0.92,11.82,43,Above Average (>= 1.0)
ITALY,2019,15054,1877505,552,4355,1.32,1.44,96.15,2.57,21.02,16,Above Average (>= 1.0)
ITALY,2020,3503,399342,247,2468,1.1,1.26,98.11,1.89,17.91,16,Above Average (>= 1.0)
ITALY,2021,29647,1126586,667,3199,1.6,1.19,98.48,1.49,17.57,3,Above Average (>= 1.0)
ITALY,2022,28800,2466276,617,7877,1.3,1.24,96.27,1.45,20.41,22,Above Average (>= 1.0)
ITALY,2023,56903,5605963,168,2430,1.56,0.86,97.09,2.17,15.98,34,Above Average (>= 1.0)
ITALY,2024,64545,5227957,643,4335,1.51,1.17,96.6,2.38,19.45,12,Above Average (>= 1.0)
ITALY,2025,38944,2279097,1033,5068,1.49,1.25,96.32,1.48,23.09,2,Above Average (>= 1.0)
JAPAN,2003,66978,3523166,1030,7219,1.4,1.1,97.72,2.04,15.77,10,Above Average (>= 1.0)
JAPAN,2004,18340,1037982,361,4256,1.33,1.28,98.36,2.04,12.31,10,Above Average (>= 1.0)
JAPAN,2005,18772,2529824,824,2146,1.49,1.44,97.52,1.45,19.26,30,Above Average (>= 1.0)
JAPAN,2006,40931,3920662,241,3064,1.53,1.17,95.6,1.23,15.71,13,Above Average (>= 1.0)
JAPAN,2007,22919,2429414,74,432,1.34,1.55,99.17,2.56,14.55,46,Above Average (>= 1.0)
JAPAN,2008,13991,1497037,455,2535,1.25,1.16,95.54,1.13,23.64,29,Above Average (>= 1.0)
JAPAN,2009,30973,2138008,458,5409,1.22,1.36,95.73,2.26,23.58,37,Above Average (>= 1.0)
JAPAN,2011,101592,7039421,1508,9469,1.43,1.04,95.54,1.91,15.76,22,Above Average (>= 1.0)
JAPAN,2013,31610,1302888,454,3171,1.48,0.94,96.94,1.01,15.9,36,Above Average (>= 1.0)
JAPAN,2014,16889,1283322,775,4773,1.46,1.19,98.92,1.92,18.89,31,Above Average (>= 1.0)
JAPAN,2015,53293,3937223,935,2406,1.41,1.1,97.25,2.26,13.23,17,Above Average (>= 1.0)
JAPAN,2016,59395,6357700,303,4396,1.12,1.37,96.73,0.98,15.97,9,Above Average (>= 1.0)
JAPAN,2017,80389,9334693,1334,10156,1.19,1.21,98.19,1.23,18.42,5,Above Average (>= 1.0)
JAPAN,2018,62743,5409174,1198,5246,1.55,1.26,96.96,1.96,13.99,20,Above Average (>= 1.0)
JAPAN,2019,51752,4021716,1065,6611,1.12,1.06,96.68,2.48,19.33,13,Above Average (>= 1.0)
JAPAN,2021,22500,1207812,362,3300,1.52,1.2,99.15,1.6,15.37,16,Above Average (>= 1.0)
JAPAN,2022,5519,523821,194,1521,1.5,1.04,97.6,2.16,19.47,10,Above Average (>= 1.0)
JAPAN,2023,99461,6708334,1198,9664,1.31,1.15,96.88,1.86,15.84,11,Above Average (>= 1.0)
JAPAN,2024,2746,157110,336,1785,1.46,1.16,96.41,0.7,13.04,41,Above Average (>= 1.0)
JAPAN,2025,64625,5780443,728,4089,1.32,1.26,97.39,2.04,13.4,3,Above Average (>= 1.0)
NETHERLANDS,2003,34742,2615165,611,3180,1.02,1.16,96.71,1.9,13.9,21,Above Average (>= 1.0)
NETHERLANDS,2004,18884,377680,422,1375,1.55,0.85,99.29,2.95,23.9,34,Above Average (>= 1.0)
NETHERLANDS,2005,61609,2203257,1390,7757,1.38,1.2,97.38,1.75,15.14,1,Above Average (>= 1.0)
NETHERLANDS,2006,11713,680657,503,4890,1.46,1.04,97.04,1.56,19.34,20,Above Average (>= 1.0)
NETHERLANDS,2007,17892,2540664,99,456,1.55,0.96,99.11,1.29,10.13,4,Above Average (>= 1.0)
NETHERLANDS,2010,15312,684991,1138,3563,1.19,1.43,97.9,1.96,17.87,21,Above Average (>= 1.0)
NETHERLANDS,2012,71749,4125790,290,4878,1.44,1.08,96.82,1.07,17.73,35,Above Average (>= 1.0)
NETHERLANDS,2013,27600,2717466,797,3595,1.31,1.14,98.41,1.36,18.75,16,Above Average (>= 1.0)
NETHERLANDS,2014,13162,1921652,94,2552,1.17,0.81,95.78,0.69,13.52,14,Above Average (>= 1.0)
NETHERLANDS,2015,21642,1123046,969,5236,1.17,1.11,95.9,1.87,20.84,14,Above Average (>= 1.0)
NETHERLANDS,2016,14894,1347862,609,2328,1.06,1.46,96.73,2.31,15.26,23,Above Average (>= 1.0)
NETHERLANDS,2017,48113,5913841,1131,4757,1.33,1.1,98.75,1.57,19.31,4,Above Average (>= 1.0)
NETHERLANDS,2018,24391,2333952,349,4657,0.94,1.25,98.32,1.89,14.96,13,Below Average (< 1.0)
NETHERLANDS,2019,31624,4065968,477,2997,1.47,1.14,97.71,2.11,19.39,12,Above Average (>= 1.0)
NETHERLANDS,2020,25870,1784572,947,3360,1.14,1.23,97.64,2.29,17.8,26,Above Average (>= 1.0)
NETHERLANDS,2021,42359,3096769,425,3607,1.46,1.2,96.44,2.6,16.58,7,Above Average (>= 1.0)
NETHERLANDS,2022,20509,1251049,26,2984,1.11,1.55,95.07,1.62,20.39,9,Above Average (>= 1.0)
NETHERLANDS,2023,29829,3076725,708,1564,1.09,0.94,98.48,1.1,13.34,25,Above Average (>= 1.0)
NETHERLANDS,2024,43592,3848021,1120,4410,1.3,1.3,97.58,1.68,16.92,12,Above Average (>= 1.0)
NETHERLANDS,2025,37062,3842733,878,5619,1.11,1.46,96.86,1.85,15.51,25,Above Average (>= 1.0)
SOUTH KOREA,2003,23931,2191294,508,2117,1.48,1.28,97.78,1.76,15.46,27,Above Average (>= 1.0)
SOUTH KOREA,2004,57096,4997677,429,4956,1.07,1.0,98.42,1.59,14.54,7,Above Average (>= 1.0)
SOUTH KOREA,2005,4171,600624,115,1439,0.99,1.14,98.55,1.52,17.28,8,Below Average (< 1.0)
SOUTH KOREA,2006,46770,4310492,766,3968,1.18,0.93,96.56,1.48,14.8,12,Above Average (>= 1.0)
SOUTH KOREA,2007,3380,145340,348,1920,1.34,1.14,95.84,0.91,10.96,8,Above Average (>= 1.0)
SOUTH KOREA,2008,38507,4758915,816,4178,1.37,0.99,97.24,1.06,16.44,5,Above Average (>= 1.0)
SOUTH KOREA,2009,80637,4993719,1808,6617,1.29,1.44,97.42,2.02,17.42,5,Above Average (>= 1.0)
SOUTH KOREA,2010,64705,6920920,716,2477,1.57,1.02,97.84,1.84,17.72,3,Above Average (>= 1.0)
SOUTH KOREA,2011,58464,3631362,1648,8515,1.31,1.29,96.81,2.08,15.0,1,Above Average (>= 1.0)
SOUTH KOREA,2012,64826,6092715,1282,7934,1.31,1.06,98.12,1.56,16.93,7,Above Average (>= 1.0)
SOUTH KOREA,2013,1600,38400,63,999,1.46,1.4,97.75,2.49,15.1,27,Above Average (>= 1.0)
SOUTH KOREA,2014,5154,644250,180,2640,0.98,1.43,99.24,0.81,24.69,42,Below Average (< 1.0)
SOUTH KOREA,2015,20841,2063259,193,2029,1.17,1.26,97.32,1.95,23.34,35,Above Average (>= 1.0)
SOUTH KOREA,2016,43010,4543342,778,2125,1.54,1.23,98.36,1.71,16.8,28,Above Average (>= 1.0)
SOUTH KOREA,2017,42920,5478945,173,5575,1.6,1.1,96.3,1.57,17.39,16,Above Average (>= 1.0)
SOUTH KOREA,2020,25914,1142760,722,1255,1.46,1.13,96.43,2.42,20.28,32,Above Average (>= 1.0)
SOUTH KOREA,2022,48712,3239212,545,5097,1.45,1.31,97.4,1.58,15.14,8,Above Average (>= 1.0)
SOUTH KOREA,2023,127999,10502640,2133,14510,1.24,1.16,98.13,1.43,19.12,9,Above Average (>= 1.0)
SOUTH KOREA,2024,17486,2370316,586,2146,1.34,1.14,96.08,1.4,20.68,9,Above Average (>= 1.0)
SOUTH KOREA,2025,28747,2204413,635,6978,1.19,1.13,95.98,2.19,17.03,3,Above Average (>= 1.0)
SPAIN,2003,110091,11275541,2289,9241,1.32,1.34,98.36,1.87,16.25,12,Above Average (>= 1.0)
SPAIN,2004,13477,1401608,412,1371,1.55,1.53,99.22,1.78,16.58,28,Above Average (>= 1.0)
SPAIN,2005,62406,4225676,736,6858,1.49,1.22,97.48,2.03,19.06,32,Above Average (>= 1.0)
SPAIN,2006,43013,4553048,809,2551,1.2,1.04,98.52,1.08,17.98,26,Above Average (>= 1.0)
SPAIN,2007,46756,5617141,581,4592,1.02,1.25,97.03,1.82,18.53,10,Above Average (>= 1.0)
SPAIN,2008,26773,1392196,493,1072,1.2,1.39,96.71,0.5,14.5,7,Above Average (>= 1.0)
SPAIN,2009,53098,3705996,702,4572,1.36,1.04,96.69,2.06,16.66,38,Above Average (>= 1.0)
SPAIN,2010,75011,6261227,1839,8163,1.22,1.08,97.85,1.5,15.2,8,Above Average (>= 1.0)
SPAIN,2011,36792,4318898,486,1049,1.36,1.17,97.34,2.49,18.31,43,Above Average (>= 1.0)
SPAIN,2012,38225,5256034,1314,4790,1.2,0.99,97.11,2.19,18.0,23,Above Average (>= 1.0)
SPAIN,2013,44581,3497834,1031,6491,1.31,1.23,97.12,1.63,18.11,9,Above Average (>= 1.0)
SPAIN,2014,70341,5069453,530,4551,1.29,1.04,98.37,1.63,18.39,4,Above Average (>= 1.0)
SPAIN,2015,28395,3737250,474,2165,1.35,1.2,97.54,1.16,17.17,8,Above Average (>= 1.0)
SPAIN,2016,58905,4906825,1228,4886,1.38,1.27,97.06,1.36,19.87,1,Above Average (>= 1.0)
SPAIN,2017,53569,3626379,646,3196,1.28,1.04,97.21,1.63,14.61,31,Above Average (>= 1.0)
SPAIN,2018,31275,2316592,802,4161,1.27,1.08,97.89,1.26,23.7,23,Above Average (>= 1.0)
SPAIN,2019,113300,9618086,1459,8328,1.46,1.22,97.54,1.83,15.52,3,Above Average (>= 1.0)
SPAIN,2020,20456,2188792,464,948,1.41,1.05,97.84,0.53,19.95,29,Above Average (>= 1.0)
SPAIN,2021,11207,986216,341,2864,1.34,1.16,95.65,1.87,11.34,33,Above Average (>= 1.0)
SPAIN,2022,38167,3952339,900,4511,1.38,1.46,98.11,1.54,16.57,4,Above Average (>= 1.0)
SPAIN,2023,44171,2935030,638,4846,1.4,1.2,96.87,2.28,15.97,1,Above Average (>= 1.0)
SPAIN,2024,55065,6168701,969,6392,1.45,1.16,96.17,1.49,12.8,4,Above Average (>= 1.0)
SPAIN,2025,16613,1624847,758,5746,1.2,1.17,97.39,2.01,15.61,29,Above Average (>= 1.0)
SWEDEN,2003,69779,5523420,762,3946,1.08,1.09,97.19,2.21,18.31,11,Above Average (>= 1.0)
SWEDEN,2005,28237,1762563,266,1184,1.52,1.27,97.66,1.54,20.78,37,Above Average (>= 1.0)
SWEDEN,2006,21585,1381440,258,1369,0.96,1.33,95.55,1.94,19.64,7,Below Average (< 1.0)
SWEDEN,2007,55091,5445664,1021,5794,1.55,1.36,97.22,1.82,18.8,2,Above Average (>= 1.0)
SWEDEN,2008,17570,931210,91,2328,1.32,1.4,95.57,0.82,18.89,17,Above Average (>= 1.0)
SWEDEN,2009,52013,5166599,1107,4607,1.43,1.24,96.57,1.79,19.03,1,Above Average (>= 1.0)
SWEDEN,2010,12164,914626,341,2926,1.35,1.15,99.05,1.84,14.98,4,Above Average (>= 1.0)
SWEDEN,2011,22748,500456,161,2098,1.29,0.81,97.62,2.23,14.04,8,Above Average (>= 1.0)
SWEDEN,2012,48303,4204622,763,8292,1.29,1.23,96.9,1.4,14.02,5,Above Average (>= 1.0)
SWEDEN,2013,37896,2522796,281,1591,1.28,1.31,96.92,1.74,19.04,30,Above Average (>= 1.0)
SWEDEN,2014,32192,3701233,1026,8243,1.28,1.14,97.99,2.15,18.35,12,Above Average (>= 1.0)
SWEDEN,2015,68977,5999001,977,5641,1.32,1.12,98.23,1.99,18.76,16,Above Average (>= 1.0)
SWEDEN,2016,57686,7583180,1584,5968,1.16,1.23,97.37,1.74,13.58,2,Above Average (>= 1.0)
SWEDEN,2018,31951,2563890,359,3127,1.58,1.54,96.57,2.3,15.24,4,Above Average (>= 1.0)
SWEDEN,2019,43567,3804022,1249,6791,1.07,1.32,97.74,1.94,17.45,11,Above Average (>= 1.0)
SWEDEN,2020,7907,964654,65,458,1.51,1.51,95.64,2.83,24.21,4,Above Average (>= 1.0)
SWEDEN,2021,12300,1208402,541,2913,1.54,1.06,97.39,1.78,15.89,6,Above Average (>= 1.0)
SWEDEN,2022,47301,2559702,123,4630,1.1,0.94,96.1,2.28,15.89,10,Above Average (>= 1.0)
SWEDEN,2023,6134,901698,178,2088,1.15,0.8,95.94,2.33,19.61,47,Above Average (>= 1.0)
SWEDEN,2024,37266,2805280,766,5335,1.25,0.96,98.15,1.71,16.82,1,Above Average (>= 1.0)
SWEDEN,2025,81196,7549975,1307,5217,1.35,1.17,97.08,2.22,18.1,3,Above Average (>= 1.0)
SWITZERLAND,2003,35146,4720876,1150,2675,1.08,1.24,97.35,1.8,17.8,15,Above Average (>= 1.0)
SWITZERLAND,2004,73853,8042546,1230,7730,1.34,1.21,97.25,1.83,20.12,9,Above Average (>= 1.0)
SWITZERLAND,2005,60535,4246462,1113,3948,1.4,1.22,96.29,2.54,13.95,28,Above Average (>= 1.0)
SWITZERLAND,2006,38113,5367243,702,576,1.22,1.4,95.76,1.63,15.71,20,Above Average (>= 1.0)
SWITZERLAND,2007,40081,5046051,1037,5180,1.43,1.29,95.99,2.04,16.68,20,Above Average (>= 1.0)
SWITZERLAND,2008,45180,3666132,544,2603,0.94,1.22,97.07,1.06,16.72,2,Below Average (< 1.0)
SWITZERLAND,2009,22829,1744211,442,3606,1.4,1.35,97.18,1.03,20.78,18,Above Average (>= 1.0)
SWITZERLAND,2010,75983,8276975,1081,5423,1.04,1.17,97.28,1.9,20.76,18,Above Average (>= 1.0)
SWITZERLAND,2011,39172,4544820,1264,6267,1.32,1.17,97.77,1.78,16.87,4,Above Average (>= 1.0)
SWITZERLAND,2012,64399,4584708,669,6165,1.32,1.37,97.84,1.41,19.47,3,Above Average (>= 1.0)
SWITZERLAND,2013,49659,3066817,311,6047,1.17,1.21,96.94,1.07,18.24,14,Above Average (>= 1.0)
SWITZERLAND,2014,61665,6476590,1018,6245,1.39,1.27,97.47,1.66,17.74,8,Above Average (>= 1.0)
SWITZERLAND,2015,17350,1697825,186,3378,1.11,1.02,95.52,1.65,17.06,19,Above Average (>= 1.0)
SWITZERLAND,2016,17108,667212,365,2992,1.51,0.99,98.47,0.72,17.59,47,Above Average (>= 1.0)
SWITZERLAND,2017,16701,1163099,761,3245,1.13,1.16,98.74,2.28,21.4,10,Above Average (>= 1.0)
SWITZERLAND,2018,11955,322785,296,1758,1.33,1.38,97.92,2.92,17.26,14,Above Average (>= 1.0)
SWITZERLAND,2019,67217,4335827,808,4670,1.19,1.26,97.13,2.08,16.7,4,Above Average (>= 1.0)
SWITZERLAND,2020,39819,3570558,816,3808,1.17,1.28,97.75,1.33,16.44,8,Above Average (>= 1.0)
SWITZERLAND,2021,39323,4233002,845,6646,1.19,1.16,96.8,1.83,19.54,19,Above Average (>= 1.0)
SWITZERLAND,2022,2691,247572,324,396,1.49,1.57,97.09,1.34,14.93,35,Above Average (>= 1.0)
SWITZERLAND,2023,34448,3923802,818,4661,1.37,1.33,97.34,1.49,11.87,8,Above Average (>= 1.0)
SWITZERLAND,2024,49743,3772584,597,2550,1.38,1.21,96.77,2.43,12.89,3,Above Average (>= 1.0)
SWITZERLAND,2025,63790,8694740,799,7435,1.33,1.31,96.49,1.17,18.5,20,Above Average (>= 1.0)
UNITED KINGDOM,2003,75542,6418021,1595,4920,1.22,0.97,98.31,1.71,19.35,6,Above Average (>= 1.0)
UNITED KINGDOM,2004,60336,6793034,2036,5018,1.05,1.36,97.34,2.32,18.58,8,Above Average (>= 1.0)
UNITED KINGDOM,2005,87209,5854591,1234,11660,1.35,1.34,98.05,1.86,18.07,3,Above Average (>= 1.0)
UNITED KINGDOM,2006,31797,1001108,450,4592,1.27,1.06,97.2,2.23,14.68,8,Above Average (>= 1.0)
UNITED KINGDOM,2007,66386,6699917,592,10273,1.18,0.95,98.18,2.06,18.51,8,Above Average (>= 1.0)
UNITED KINGDOM,2008,37364,2733879,1245,7028,1.29,1.29,97.61,2.06,18.73,4,Above Average (>= 1.0)
UNITED KINGDOM,2010,81388,7046503,2198,11512,1.38,1.32,96.36,2.03,18.65,2,Above Average (>= 1.0)
UNITED KINGDOM,2011,61919,6104790,1139,6110,1.27,1.37,98.04,1.71,21.86,3,Above Average (>= 1.0)
UNITED KINGDOM,2012,112246,7313793,1382,12584,1.23,1.32,97.22,1.71,18.61,3,Above Average (>= 1.0)
UNITED KINGDOM,2013,24755,2723630,425,3357,1.14,1.0,96.26,2.49,13.94,16,Above Average (>= 1.0)
UNITED KINGDOM,2014,116057,10952185,2822,11263,1.39,1.17,96.13,1.62,17.61,8,Above Average (>= 1.0)
UNITED KINGDOM,2015,102903,6523155,1776,11814,1.13,1.27,97.08,1.43,18.86,6,Above Average (>= 1.0)
UNITED KINGDOM,2016,134985,12624836,1547,6977,1.15,1.2,98.32,1.3,16.0,8,Above Average (>= 1.0)
UNITED KINGDOM,2017,111929,11710005,2190,7213,1.08,1.26,97.1,2.02,19.27,3,Above Average (>= 1.0)
UNITED KINGDOM,2018,78490,7256701,1520,8659,1.38,1.15,97.84,1.69,17.74,1,Above Average (>= 1.0)
UNITED KINGDOM,2019,54387,3243254,1069,7277,1.25,1.44,97.8,1.89,20.29,19,Above Average (>= 1.0)
UNITED KINGDOM,2020,31952,3540056,607,5692,1.2,1.13,96.83,1.65,15.68,6,Above Average (>= 1.0)
UNITED KINGDOM,2021,27677,2375129,512,5114,1.08,1.09,97.46,1.8,23.49,5,Above Average (>= 1.0)
UNITED KINGDOM,2022,27416,2309936,576,4159,1.53,1.25,97.36,0.81,20.36,8,Above Average (>= 1.0)
UNITED KINGDOM,2023,61660,6047363,1899,8546,1.11,1.06,96.46,2.07,19.73,8,Above Average (>= 1.0)
UNITED KINGDOM,2024,107115,8767631,1704,8408,1.27,1.09,96.85,1.65,19.72,1,Above Average (>= 1.0)
UNITED KINGDOM,2025,46706,5637262,474,3165,1.17,1.04,96.78,2.08,21.34,2,Above Average (>= 1.0)
USA,2003,20346,2278752,248,2726,1.44,1.13,96.13,0.55,11.56,3,Above Average (>= 1.0)
USA,2004,32919,1634257,527,1139,1.5,1.08,97.96,2.26,20.16,10,Above Average (>= 1.0)
USA,2005,29236,3335179,146,2666,1.02,1.4,97.04,1.94,12.79,11,Above Average (>= 1.0)
USA,2006,39458,4903420,920,5464,1.26,1.25,97.92,1.54,20.93,2,Above Average (>= 1.0)
USA,2007,21750,1421362,815,6999,1.16,1.3,99.03,1.76,13.7,16,Above Average (>= 1.0)
USA,2008,51321,5102639,809,9400,1.35,1.11,97.28,1.71,19.34,16,Above Average (>= 1.0)
USA,2009,61904,4270995,847,9956,1.32,1.2,96.57,1.85,19.26,13,Above Average (>= 1.0)
USA,2010,24581,1845904,609,5932,1.17,1.12,96.86,2.51,21.29,11,Above Average (>= 1.0)
USA,2011,12957,1128966,836,2609,1.2,1.37,97.13,1.87,13.79,1,Above Average (>= 1.0)
USA,2012,31979,1142414,1079,4121,1.38,1.08,97.98,2.13,16.24,29,Above Average (>= 1.0)
USA,2013,43457,2705304,106,2293,1.13,1.37,97.46,2.52,20.8,33,Above Average (>= 1.0)
USA,2014,53284,4142574,920,5998,1.08,1.26,97.96,1.25,18.14,18,Above Average (>= 1.0)
USA,2015,32741,1803038,399,3933,1.42,1.2,97.73,1.52,23.56,22,Above Average (>= 1.0)
USA,2017,26364,2113264,347,5619,1.36,1.44,98.12,1.41,10.64,9,Above Average (>= 1.0)
USA,2019,19575,1534425,252,2377,1.38,1.32,95.87,2.68,15.85,11,Above Average (>= 1.0)
USA,2020,48082,5301640,636,2143,1.46,1.33,98.16,1.33,14.64,1,Above Average (>= 1.0)
USA,2022,37636,3667884,424,4163,1.57,1.02,97.08,1.43,12.04,5,Above Average (>= 1.0)
USA,2023,35690,2625657,748,5063,1.29,1.29,96.28,1.05,15.81,29,Above Average (>= 1.0)
USA,2024,43169,2985295,757,9444,1.29,1.04,98.31,1.64,18.07,6,Above Average (>= 1.0)
USA,2025,49693,4196978,1136,2842,1.32,1.37,98.72,2.03,22.53,14,Above Average (>= 1.0)
